"","code","nro_bloque","competitive","individual","outcome_00","outcome_01","outcome_10","outcome_11","outcome_0","outcome_1"
"1","sujeto_0000621","1",31,1,4,14,5,8,NA,1
"2","sujeto_0000621","2",32,NA,6,13,3,10,NA,NA
"3","sujeto_0000621","3",31,1,6,12,5,8,1,NA
"4","sujeto_0000621","4",32,NA,5,14,4,9,NA,NA
"5","sujeto_0005719","1",28,4,3,14,4,7,1,3
"6","sujeto_0005719","2",24,8,4,11,3,6,4,4
"7","sujeto_0005719","3",24,8,3,12,3,6,4,4
"8","sujeto_0005719","4",24,8,2,12,4,6,5,3
"9","sujeto_0006562","1",32,NA,4,14,5,9,NA,NA
"10","sujeto_0006562","2",30,2,4,13,3,10,2,NA
"11","sujeto_0006562","3",30,2,5,13,4,8,1,1
"12","sujeto_0006562","4",28,4,5,11,4,8,3,1
"13","sujeto_0011813","1",23,9,3,9,5,6,6,3
"14","sujeto_0011813","2",26,6,6,10,2,8,3,3
"15","sujeto_0011813","3",29,3,6,12,5,6,1,2
"16","sujeto_0011813","4",28,4,5,12,4,7,2,2
"17","sujeto_0012643","1",32,NA,4,14,5,9,NA,NA
"18","sujeto_0012643","2",32,NA,6,13,3,10,NA,NA
"19","sujeto_0012643","3",32,NA,6,13,5,8,NA,NA
"20","sujeto_0012643","4",32,NA,5,14,4,9,NA,NA
"21","sujeto_0014011","1",31,1,4,14,4,9,NA,1
"22","sujeto_0014011","2",29,3,5,12,3,9,2,1
"23","sujeto_0014011","3",25,7,4,12,4,5,3,4
"24","sujeto_0014011","4",26,6,4,12,4,6,3,3
"25","sujeto_0014895","1",18,14,3,8,2,5,7,7
"26","sujeto_0014895","2",24,8,4,11,3,6,4,4
"27","sujeto_0014895","3",24,8,4,11,4,5,4,4
"28","sujeto_0014895","4",25,7,2,12,4,7,5,2
"29","sujeto_0016883","1",29,3,4,14,3,8,NA,3
"30","sujeto_0016883","2",31,1,5,13,3,10,1,NA
"31","sujeto_0016883","3",32,NA,6,13,5,8,NA,NA
"32","sujeto_0016883","4",32,NA,5,14,4,9,NA,NA
"33","sujeto_0020285","1",25,7,3,9,5,8,6,1
"34","sujeto_0020285","2",23,9,5,9,3,6,5,4
"35","sujeto_0020285","3",19,12,5,9,3,2,5,7
"36","sujeto_0020285","4",19,13,2,11,3,3,6,7
"37","sujeto_0020703","1",27,5,4,13,3,7,1,4
"38","sujeto_0020703","2",26,6,4,13,3,6,2,4
"39","sujeto_0020703","3",27,5,4,13,4,6,2,3
"40","sujeto_0020703","4",25,7,3,12,4,6,4,3
"41","sujeto_0020974","1",32,NA,4,14,5,9,NA,NA
"42","sujeto_0020974","2",32,NA,6,13,3,10,NA,NA
"43","sujeto_0020974","3",32,NA,6,13,5,8,NA,NA
"44","sujeto_0020974","4",31,1,5,14,4,8,NA,1
"45","sujeto_0025043","1",20,12,4,7,4,5,7,5
"46","sujeto_0025043","2",23,9,6,9,3,5,4,5
"47","sujeto_0025043","3",21,11,6,9,3,3,4,7
"48","sujeto_0025043","4",22,10,5,10,3,4,4,6
"49","sujeto_0025948","1",21,11,4,7,5,5,7,4
"50","sujeto_0025948","2",20,12,4,8,2,6,7,5
"51","sujeto_0025948","3",15,17,3,8,2,2,8,9
"52","sujeto_0025948","4",11,21,1,7,1,2,11,10
"53","sujeto_0026622","1",24,8,3,10,5,6,5,3
"54","sujeto_0026622","2",28,4,6,12,3,7,1,3
"55","sujeto_0026622","3",28,4,5,12,4,7,2,2
"56","sujeto_0026622","4",26,6,2,13,4,7,4,2
"57","sujeto_0027033","1",32,NA,4,14,5,9,NA,NA
"58","sujeto_0027033","2",32,NA,6,13,3,10,NA,NA
"59","sujeto_0027033","3",32,NA,6,13,5,8,NA,NA
"60","sujeto_0027033","4",32,NA,5,14,4,9,NA,NA
"61","sujeto_0027042","1",21,11,3,9,4,5,6,5
"62","sujeto_0027042","2",25,6,6,10,3,6,3,3
"63","sujeto_0027042","3",28,4,6,11,5,6,2,2
"64","sujeto_0027042","4",31,1,5,13,4,9,1,NA
"65","sujeto_0027510","1",27,5,4,11,5,7,3,2
"66","sujeto_0027510","2",25,7,6,8,2,9,5,2
"67","sujeto_0027510","3",22,10,6,8,5,3,5,5
"68","sujeto_0027510","4",24,8,4,11,4,5,4,4
"69","sujeto_0028207","1",19,12,3,7,4,5,7,5
"70","sujeto_0028207","2",24,8,6,10,2,6,3,5
"71","sujeto_0028207","3",31,1,6,12,5,8,1,NA
"72","sujeto_0028207","4",30,2,5,13,3,9,1,1
"73","sujeto_0030383","1",32,NA,4,14,5,9,NA,NA
"74","sujeto_0030383","2",27,5,5,11,2,9,3,2
"75","sujeto_0030383","3",29,3,5,12,5,7,2,1
"76","sujeto_0030383","4",28,4,3,13,3,9,3,1
"77","sujeto_0030459","1",32,NA,4,14,5,9,NA,NA
"78","sujeto_0030459","2",31,1,6,13,3,9,NA,1
"79","sujeto_0030459","3",32,NA,6,13,5,8,NA,NA
"80","sujeto_0030459","4",32,NA,5,14,4,9,NA,NA
"81","sujeto_0031826","1",22,10,3,9,4,6,6,4
"82","sujeto_0031826","2",20,12,5,8,1,6,6,6
"83","sujeto_0031826","3",18,14,3,10,2,3,6,8
"84","sujeto_0031826","4",12,20,2,7,1,2,10,10
"85","sujeto_0032413","1",24,8,4,9,5,6,5,3
"86","sujeto_0032413","2",21,11,5,9,2,5,5,6
"87","sujeto_0032413","3",17,13,5,8,2,2,6,7
"88","sujeto_0032413","4",18,14,3,10,3,2,6,8
"89","sujeto_0033050","1",27,4,4,13,4,6,1,3
"90","sujeto_0033050","2",27,5,4,12,3,8,3,2
"91","sujeto_0033050","3",29,3,5,11,5,8,3,NA
"92","sujeto_0033050","4",27,5,4,12,4,7,3,2
"93","sujeto_0034539","1",24,8,3,12,4,5,3,5
"94","sujeto_0034539","2",29,3,6,12,3,8,1,2
"95","sujeto_0034539","3",29,3,6,10,5,8,3,NA
"96","sujeto_0034539","4",26,6,4,13,4,5,2,4
"97","sujeto_0036567","1",32,NA,4,14,5,9,NA,NA
"98","sujeto_0036567","2",32,NA,6,13,3,10,NA,NA
"99","sujeto_0036567","3",22,8,4,9,4,5,4,4
"100","sujeto_0036567","4",24,7,2,12,4,6,4,3
"101","sujeto_0039609","1",21,11,2,11,3,5,5,6
"102","sujeto_0039609","2",17,15,2,8,3,4,9,6
"103","sujeto_0039609","3",20,12,4,8,3,5,7,5
"104","sujeto_0039609","4",21,11,2,10,3,6,7,4
"105","sujeto_0040017","1",31,1,3,14,5,9,1,NA
"106","sujeto_0040017","2",31,1,6,12,3,10,1,NA
"107","sujeto_0040017","3",27,5,6,11,3,7,2,3
"108","sujeto_0040017","4",22,10,5,8,3,6,6,4
"109","sujeto_0040081","1",32,NA,4,14,5,9,NA,NA
"110","sujeto_0040081","2",32,NA,6,13,3,10,NA,NA
"111","sujeto_0040081","3",32,NA,6,13,5,8,NA,NA
"112","sujeto_0040081","4",32,NA,5,14,4,9,NA,NA
"113","sujeto_0048205","1",29,3,3,14,4,8,1,2
"114","sujeto_0048205","2",24,8,4,11,3,6,4,4
"115","sujeto_0048205","3",24,8,4,11,4,5,4,4
"116","sujeto_0048205","4",24,8,2,12,4,6,5,3
"117","sujeto_0048533","1",31,1,4,13,5,9,1,NA
"118","sujeto_0048533","2",31,1,6,13,3,9,NA,1
"119","sujeto_0048533","3",32,NA,6,13,5,8,NA,NA
"120","sujeto_0048533","4",32,NA,5,14,4,9,NA,NA
"121","sujeto_0049193","1",28,4,4,13,3,8,1,3
"122","sujeto_0049193","2",19,13,6,6,NA,7,7,6
"123","sujeto_0049193","3",20,12,4,6,4,6,9,3
"124","sujeto_0049193","4",17,15,3,10,1,3,6,9
"125","sujeto_0050473","1",32,NA,4,14,5,9,NA,NA
"126","sujeto_0050473","2",32,NA,6,13,3,10,NA,NA
"127","sujeto_0050473","3",32,NA,6,13,5,8,NA,NA
"128","sujeto_0050473","4",32,NA,5,14,4,9,NA,NA
"129","sujeto_0051018","1",31,1,4,14,5,8,NA,1
"130","sujeto_0051018","2",28,4,6,12,2,8,1,3
"131","sujeto_0051018","3",26,4,5,9,5,7,4,NA
"132","sujeto_0051018","4",27,5,4,12,3,8,3,2
"133","sujeto_0053568","1",32,NA,4,14,5,9,NA,NA
"134","sujeto_0053568","2",31,1,6,13,3,9,NA,1
"135","sujeto_0053568","3",26,6,5,11,5,5,3,3
"136","sujeto_0053568","4",26,6,4,12,4,6,3,3
"137","sujeto_0058378","1",32,NA,4,14,5,9,NA,NA
"138","sujeto_0058378","2",32,NA,6,13,3,10,NA,NA
"139","sujeto_0058378","3",32,NA,6,13,5,8,NA,NA
"140","sujeto_0058378","4",32,NA,5,14,4,9,NA,NA
"141","sujeto_005868","1",27,5,3,12,5,7,3,2
"142","sujeto_005868","2",22,10,5,10,2,5,4,6
"143","sujeto_005868","3",23,9,4,11,4,4,4,5
"144","sujeto_005868","4",22,10,2,12,3,5,5,5
"145","sujeto_0065422","1",32,NA,4,14,5,9,NA,NA
"146","sujeto_0065422","2",30,2,5,12,3,10,2,NA
"147","sujeto_0065422","3",32,NA,6,13,5,8,NA,NA
"148","sujeto_0065422","4",32,NA,5,14,4,9,NA,NA
"149","sujeto_0066360","1",31,1,4,13,5,9,1,NA
"150","sujeto_0066360","2",32,NA,6,13,3,10,NA,NA
"151","sujeto_0066360","3",32,NA,6,13,5,8,NA,NA
"152","sujeto_0066360","4",32,NA,5,14,4,9,NA,NA
"153","sujeto_0067839","1",27,5,4,10,5,8,4,1
"154","sujeto_0067839","2",24,8,6,8,2,8,5,3
"155","sujeto_0067839","3",19,12,5,9,3,2,5,7
"156","sujeto_0067839","4",17,15,3,9,3,2,7,8
"157","sujeto_0068071","1",26,6,3,13,3,7,2,4
"158","sujeto_0068071","2",23,8,4,10,3,6,4,4
"159","sujeto_0068071","3",23,9,4,10,4,5,5,4
"160","sujeto_0068071","4",24,8,2,12,4,6,5,3
"161","sujeto_0068784","1",31,1,4,14,5,8,NA,1
"162","sujeto_0068784","2",30,2,5,13,3,9,1,1
"163","sujeto_0068784","3",29,3,6,11,4,8,2,1
"164","sujeto_0068784","4",22,10,2,11,2,7,6,4
"165","sujeto_0071765","1",20,12,4,8,3,5,6,6
"166","sujeto_0071765","2",20,12,3,8,3,6,8,4
"167","sujeto_0071765","3",20,12,3,9,3,5,7,5
"168","sujeto_0071765","4",17,15,3,10,1,3,6,9
"169","sujeto_0073050","1",32,NA,4,14,5,9,NA,NA
"170","sujeto_0073050","2",31,1,5,13,3,10,1,NA
"171","sujeto_0073050","3",31,1,6,12,5,8,1,NA
"172","sujeto_0073050","4",30,1,4,13,4,9,1,NA
"173","sujeto_0073105","1",24,8,3,12,3,6,3,5
"174","sujeto_0073105","2",24,8,4,11,3,6,4,4
"175","sujeto_0073105","3",23,9,4,10,4,5,5,4
"176","sujeto_0073105","4",20,6,2,11,3,4,4,2
"177","sujeto_0073942","1",24,8,4,8,5,7,6,2
"178","sujeto_0073942","2",28,4,6,10,3,9,3,1
"179","sujeto_0073942","3",29,3,5,13,5,6,1,2
"180","sujeto_0073942","4",28,4,5,13,4,6,1,3
"181","sujeto_0074431","1",25,7,3,12,3,7,3,4
"182","sujeto_0074431","2",26,6,4,12,3,7,3,3
"183","sujeto_0074431","3",23,9,4,10,4,5,5,4
"184","sujeto_0074431","4",25,7,3,12,4,6,4,3
"185","sujeto_0074535","1",22,10,3,11,2,6,4,6
"186","sujeto_0074535","2",17,15,3,8,NA,6,8,7
"187","sujeto_0074535","3",16,16,3,9,1,3,7,9
"188","sujeto_0074535","4",15,17,1,9,1,4,9,8
"189","sujeto_02de544a","1",23,9,4,10,3,6,4,5
"190","sujeto_02de544a","2",26,6,6,10,3,7,3,3
"191","sujeto_02de544a","3",25,7,6,10,5,4,3,4
"192","sujeto_02de544a","4",25,7,5,12,3,5,2,5
"193","sujeto_06da9741","1",26,6,3,13,5,5,2,4
"194","sujeto_06da9741","2",27,5,5,12,2,8,2,3
"195","sujeto_06da9741","3",28,4,6,12,5,5,1,3
"196","sujeto_06da9741","4",27,5,4,12,4,7,3,2
"197","sujeto_07280530","1",32,NA,4,14,5,9,NA,NA
"198","sujeto_07280530","2",32,NA,6,13,3,10,NA,NA
"199","sujeto_07280530","3",32,NA,6,13,5,8,NA,NA
"200","sujeto_07280530","4",31,1,4,14,4,9,1,NA
"201","sujeto_077f2b56","1",32,NA,4,14,5,9,NA,NA
"202","sujeto_077f2b56","2",32,NA,6,13,3,10,NA,NA
"203","sujeto_077f2b56","3",32,NA,6,13,5,8,NA,NA
"204","sujeto_077f2b56","4",31,NA,5,13,4,9,NA,NA
"205","sujeto_0bf947ec","1",32,NA,4,14,5,9,NA,NA
"206","sujeto_0bf947ec","2",32,NA,6,13,3,10,NA,NA
"207","sujeto_0bf947ec","3",31,1,6,12,5,8,1,NA
"208","sujeto_0bf947ec","4",32,NA,5,14,4,9,NA,NA
"209","sujeto_0d6a2bd1","1",1,31,NA,NA,1,NA,18,13
"210","sujeto_0d6a2bd1","2",1,31,1,NA,NA,NA,18,13
"211","sujeto_0d6a2bd1","3",NA,32,NA,NA,NA,NA,19,13
"212","sujeto_0d6a2bd1","4",NA,32,NA,NA,NA,NA,19,13
"213","sujeto_11124bad","1",32,NA,4,14,5,9,NA,NA
"214","sujeto_11124bad","2",32,NA,6,13,3,10,NA,NA
"215","sujeto_11124bad","3",32,NA,6,13,5,8,NA,NA
"216","sujeto_11124bad","4",32,NA,5,14,4,9,NA,NA
"217","sujeto_151573d2","1",26,6,4,11,4,7,3,3
"218","sujeto_151573d2","2",32,NA,6,13,3,10,NA,NA
"219","sujeto_151573d2","3",26,6,6,10,4,6,3,3
"220","sujeto_151573d2","4",24,7,4,12,4,4,3,4
"221","sujeto_18c10e9c","1",24,8,3,13,3,5,2,6
"222","sujeto_18c10e9c","2",25,7,6,10,2,7,3,4
"223","sujeto_18c10e9c","3",23,9,3,10,5,5,6,3
"224","sujeto_18c10e9c","4",25,7,4,12,3,6,3,4
"225","sujeto_1bb5ad4b","1",30,2,4,12,5,9,2,NA
"226","sujeto_1bb5ad4b","2",32,NA,6,13,3,10,NA,NA
"227","sujeto_1bb5ad4b","3",25,7,4,9,4,8,6,1
"228","sujeto_1bb5ad4b","4",30,2,5,12,4,9,2,NA
"229","sujeto_1d9a94b2","1",32,NA,4,14,5,9,NA,NA
"230","sujeto_1d9a94b2","2",32,NA,6,13,3,10,NA,NA
"231","sujeto_1d9a94b2","3",32,NA,6,13,5,8,NA,NA
"232","sujeto_1d9a94b2","4",32,NA,5,14,4,9,NA,NA
"233","sujeto_2158631b","1",32,NA,4,14,5,9,NA,NA
"234","sujeto_2158631b","2",32,NA,6,13,3,10,NA,NA
"235","sujeto_2158631b","3",32,NA,6,13,5,8,NA,NA
"236","sujeto_2158631b","4",32,NA,5,14,4,9,NA,NA
"237","sujeto_225a39e1","1",30,2,4,13,5,8,1,1
"238","sujeto_225a39e1","2",31,1,6,12,3,10,1,NA
"239","sujeto_225a39e1","3",32,NA,6,13,5,8,NA,NA
"240","sujeto_225a39e1","4",32,NA,5,14,4,9,NA,NA
"241","sujeto_2608c5d2","1",29,3,3,14,4,8,1,2
"242","sujeto_2608c5d2","2",24,8,4,11,3,6,4,4
"243","sujeto_2608c5d2","3",22,9,4,11,3,4,4,5
"244","sujeto_2608c5d2","4",26,6,2,14,4,6,3,3
"245","sujeto_2736348d","1",30,2,4,12,5,9,2,NA
"246","sujeto_2736348d","2",32,NA,6,13,3,10,NA,NA
"247","sujeto_2736348d","3",32,NA,6,13,5,8,NA,NA
"248","sujeto_2736348d","4",31,1,5,13,4,9,1,NA
"249","sujeto_282108e8","1",26,6,4,10,5,7,4,2
"250","sujeto_282108e8","2",25,7,4,10,2,9,5,2
"251","sujeto_282108e8","3",27,5,5,10,5,7,4,1
"252","sujeto_282108e8","4",27,5,4,12,4,7,3,2
"253","sujeto_2a9aaa08","1",20,12,4,7,4,5,7,5
"254","sujeto_2a9aaa08","2",18,14,5,4,2,7,10,4
"255","sujeto_2a9aaa08","3",17,15,5,5,3,4,9,6
"256","sujeto_2a9aaa08","4",18,14,5,7,3,3,7,7
"257","sujeto_2c6c72ad","1",32,NA,4,14,5,9,NA,NA
"258","sujeto_2c6c72ad","2",32,NA,6,13,3,10,NA,NA
"259","sujeto_2c6c72ad","3",32,NA,6,13,5,8,NA,NA
"260","sujeto_2c6c72ad","4",32,NA,5,14,4,9,NA,NA
"261","sujeto_2cd1c0e6","1",32,NA,4,14,5,9,NA,NA
"262","sujeto_2cd1c0e6","2",32,NA,6,13,3,10,NA,NA
"263","sujeto_2cd1c0e6","3",31,NA,6,12,5,8,NA,NA
"264","sujeto_2cd1c0e6","4",23,NA,4,10,2,7,NA,NA
"265","sujeto_32e036e7","1",32,NA,4,14,5,9,NA,NA
"266","sujeto_32e036e7","2",32,NA,6,13,3,10,NA,NA
"267","sujeto_32e036e7","3",32,NA,6,13,5,8,NA,NA
"268","sujeto_32e036e7","4",32,NA,5,14,4,9,NA,NA
"269","sujeto_33dcff34","1",31,1,4,13,5,9,1,NA
"270","sujeto_33dcff34","2",32,NA,6,13,3,10,NA,NA
"271","sujeto_33dcff34","3",32,NA,6,13,5,8,NA,NA
"272","sujeto_33dcff34","4",30,2,4,14,4,8,1,1
"273","sujeto_39b35dcb","1",31,1,4,14,5,8,NA,1
"274","sujeto_39b35dcb","2",32,NA,6,13,3,10,NA,NA
"275","sujeto_39b35dcb","3",32,NA,6,13,5,8,NA,NA
"276","sujeto_39b35dcb","4",32,NA,5,14,4,9,NA,NA
"277","sujeto_3e78614c","1",26,6,3,12,4,7,3,3
"278","sujeto_3e78614c","2",24,8,4,11,3,6,4,4
"279","sujeto_3e78614c","3",23,9,4,11,4,4,4,5
"280","sujeto_3e78614c","4",25,7,3,12,4,6,4,3
"281","sujeto_4517150c","1",31,1,4,13,5,9,1,NA
"282","sujeto_4517150c","2",30,2,6,12,2,10,1,1
"283","sujeto_4517150c","3",31,1,6,12,5,8,1,NA
"284","sujeto_4517150c","4",32,NA,5,14,4,9,NA,NA
"285","sujeto_46315dbc","1",17,15,4,6,2,5,8,7
"286","sujeto_46315dbc","2",21,11,4,8,2,7,7,4
"287","sujeto_46315dbc","3",19,13,4,9,2,4,6,7
"288","sujeto_46315dbc","4",24,8,4,12,4,4,3,5
"289","sujeto_4ca6cef4","1",21,11,3,8,4,6,7,4
"290","sujeto_4ca6cef4","2",22,10,4,9,3,6,6,4
"291","sujeto_4ca6cef4","3",22,10,4,10,4,4,5,5
"292","sujeto_4ca6cef4","4",24,8,3,12,4,5,4,4
"293","sujeto_4e042fb0","1",32,NA,4,14,5,9,NA,NA
"294","sujeto_4e042fb0","2",31,1,5,13,3,10,1,NA
"295","sujeto_4e042fb0","3",31,1,6,13,5,7,NA,1
"296","sujeto_4e042fb0","4",32,NA,5,14,4,9,NA,NA
"297","sujeto_5061298e","1",30,1,4,13,5,8,1,NA
"298","sujeto_5061298e","2",32,NA,6,13,3,10,NA,NA
"299","sujeto_5061298e","3",32,NA,6,13,5,8,NA,NA
"300","sujeto_5061298e","4",32,NA,5,14,4,9,NA,NA
"301","sujeto_529b55b0","1",32,NA,4,14,5,9,NA,NA
"302","sujeto_529b55b0","2",32,NA,6,13,3,10,NA,NA
"303","sujeto_529b55b0","3",32,NA,6,13,5,8,NA,NA
"304","sujeto_529b55b0","4",31,1,5,13,4,9,1,NA
"305","sujeto_52c54ab9","1",32,NA,4,14,5,9,NA,NA
"306","sujeto_52c54ab9","2",30,2,5,12,3,10,2,NA
"307","sujeto_52c54ab9","3",32,NA,6,13,5,8,NA,NA
"308","sujeto_52c54ab9","4",30,2,5,14,3,8,NA,2
"309","sujeto_587bbcbb","1",25,7,3,12,5,5,3,4
"310","sujeto_587bbcbb","2",18,14,5,7,2,4,7,7
"311","sujeto_587bbcbb","3",20,12,5,9,4,2,5,7
"312","sujeto_587bbcbb","4",20,12,4,10,4,2,5,7
"313","sujeto_5fc6b519","1",28,4,4,13,4,7,1,3
"314","sujeto_5fc6b519","2",28,4,6,11,3,8,2,2
"315","sujeto_5fc6b519","3",29,3,6,11,5,7,2,1
"316","sujeto_5fc6b519","4",28,4,5,12,4,7,2,2
"317","sujeto_61b0c637","1",30,2,4,13,5,8,1,1
"318","sujeto_61b0c637","2",32,NA,6,13,3,10,NA,NA
"319","sujeto_61b0c637","3",24,2,5,11,3,5,1,1
"320","sujeto_61b0c637","4",29,2,4,12,4,9,2,NA
"321","sujeto_63c82dc6","1",31,1,4,14,5,8,NA,1
"322","sujeto_63c82dc6","2",29,3,5,12,3,9,2,1
"323","sujeto_63c82dc6","3",30,2,6,12,5,7,1,1
"324","sujeto_63c82dc6","4",31,1,5,13,4,9,1,NA
"325","sujeto_6462fbbc","1",30,2,4,14,3,9,NA,2
"326","sujeto_6462fbbc","2",30,2,6,12,3,9,1,1
"327","sujeto_6462fbbc","3",31,1,5,13,5,8,1,NA
"328","sujeto_6462fbbc","4",28,4,4,14,4,6,1,3
"329","sujeto_649d6cd3","1",29,1,4,13,4,8,1,NA
"330","sujeto_649d6cd3","2",30,NA,6,12,3,9,NA,NA
"331","sujeto_649d6cd3","3",28,NA,5,12,4,7,NA,NA
"332","sujeto_649d6cd3","4",28,1,4,12,3,9,1,NA
"333","sujeto_66362819","1",32,NA,4,14,5,9,NA,NA
"334","sujeto_66362819","2",31,1,6,12,3,10,1,NA
"335","sujeto_66362819","3",32,NA,6,13,5,8,NA,NA
"336","sujeto_66362819","4",29,3,4,13,4,8,2,1
"337","sujeto_665d6eab","1",23,9,3,12,2,6,3,6
"338","sujeto_665d6eab","2",20,12,4,9,2,5,6,6
"339","sujeto_665d6eab","3",25,7,5,12,4,4,2,5
"340","sujeto_665d6eab","4",21,11,2,12,3,4,5,6
"341","sujeto_685cae59","1",20,12,4,7,4,5,7,5
"342","sujeto_685cae59","2",26,6,3,13,3,7,3,3
"343","sujeto_685cae59","3",22,10,4,10,3,5,5,5
"344","sujeto_685cae59","4",25,7,3,12,2,8,4,3
"345","sujeto_6fce57c3","1",26,6,3,12,4,7,3,3
"346","sujeto_6fce57c3","2",26,6,6,9,2,9,4,2
"347","sujeto_6fce57c3","3",24,8,5,10,4,5,4,4
"348","sujeto_6fce57c3","4",19,11,4,9,3,3,4,7
"349","sujeto_725769f0","1",24,8,2,13,3,6,3,5
"350","sujeto_725769f0","2",21,11,4,9,3,5,6,5
"351","sujeto_725769f0","3",26,6,5,12,4,5,2,4
"352","sujeto_725769f0","4",21,11,1,12,4,4,6,5
"353","sujeto_72b8e12c","1",32,NA,4,14,5,9,NA,NA
"354","sujeto_72b8e12c","2",32,NA,6,13,3,10,NA,NA
"355","sujeto_72b8e12c","3",32,NA,6,13,5,8,NA,NA
"356","sujeto_72b8e12c","4",31,1,5,14,4,8,NA,1
"357","sujeto_74a044c9","1",32,NA,4,14,5,9,NA,NA
"358","sujeto_74a044c9","2",29,3,5,12,2,10,2,1
"359","sujeto_74a044c9","3",31,1,6,12,5,8,1,NA
"360","sujeto_74a044c9","4",30,2,5,14,3,8,NA,2
"361","sujeto_774f4a36","1",25,7,3,11,4,7,4,3
"362","sujeto_774f4a36","2",24,8,4,11,3,6,4,4
"363","sujeto_774f4a36","3",23,9,4,11,3,5,4,5
"364","sujeto_774f4a36","4",24,8,2,12,4,6,5,3
"365","sujeto_7b0e6648","1",26,6,3,13,3,7,2,4
"366","sujeto_7b0e6648","2",32,NA,6,13,3,10,NA,NA
"367","sujeto_7b0e6648","3",27,5,5,10,4,8,4,1
"368","sujeto_7b0e6648","4",25,7,4,11,3,7,4,3
"369","sujeto_7e1d6f1a","1",24,7,4,11,4,5,3,4
"370","sujeto_7e1d6f1a","2",27,5,6,10,2,9,3,2
"371","sujeto_7e1d6f1a","3",24,8,6,10,4,4,3,5
"372","sujeto_7e1d6f1a","4",24,8,4,13,2,5,2,6
"373","sujeto_80570e8a","1",32,NA,4,14,5,9,NA,NA
"374","sujeto_80570e8a","2",32,NA,6,13,3,10,NA,NA
"375","sujeto_80570e8a","3",32,NA,6,13,5,8,NA,NA
"376","sujeto_80570e8a","4",32,NA,5,14,4,9,NA,NA
"377","sujeto_80f4d7da","1",29,3,4,12,5,8,2,1
"378","sujeto_80f4d7da","2",29,2,6,11,3,9,1,1
"379","sujeto_80f4d7da","3",30,2,6,12,5,7,1,1
"380","sujeto_80f4d7da","4",29,3,4,14,4,7,1,2
"381","sujeto_85db03a2","1",32,NA,4,14,5,9,NA,NA
"382","sujeto_85db03a2","2",31,1,6,12,3,10,1,NA
"383","sujeto_85db03a2","3",30,2,6,12,4,8,1,1
"384","sujeto_85db03a2","4",28,2,4,12,4,8,2,NA
"385","sujeto_8e872371","1",18,14,4,6,4,4,8,6
"386","sujeto_8e872371","2",21,11,6,7,2,6,6,5
"387","sujeto_8e872371","3",17,15,5,6,4,2,8,7
"388","sujeto_8e872371","4",17,15,5,6,3,3,8,7
"389","sujeto_96083b42","1",31,1,4,13,5,9,1,NA
"390","sujeto_96083b42","2",27,5,5,13,2,7,1,4
"391","sujeto_96083b42","3",32,NA,6,13,5,8,NA,NA
"392","sujeto_96083b42","4",31,1,5,14,4,8,NA,1
"393","sujeto_9ae17e76","1",24,8,4,9,5,6,5,3
"394","sujeto_9ae17e76","2",28,4,6,10,3,9,3,1
"395","sujeto_9ae17e76","3",30,2,6,12,5,7,1,1
"396","sujeto_9ae17e76","4",32,NA,5,14,4,9,NA,NA
"397","sujeto_9d0bd287","1",32,NA,4,14,5,9,NA,NA
"398","sujeto_9d0bd287","2",31,1,6,12,3,10,1,NA
"399","sujeto_9d0bd287","3",32,NA,6,13,5,8,NA,NA
"400","sujeto_9d0bd287","4",32,NA,5,14,4,9,NA,NA
"401","sujeto_a90bad1a","1",20,12,3,7,4,6,8,4
"402","sujeto_a90bad1a","2",20,12,3,9,2,6,7,5
"403","sujeto_a90bad1a","3",18,14,3,10,3,2,6,8
"404","sujeto_a90bad1a","4",15,17,1,9,2,3,9,8
"405","sujeto_acaff5ce","1",32,NA,4,14,5,9,NA,NA
"406","sujeto_acaff5ce","2",32,NA,6,13,3,10,NA,NA
"407","sujeto_acaff5ce","3",28,4,5,11,4,8,3,1
"408","sujeto_acaff5ce","4",21,11,4,9,3,5,6,5
"409","sujeto_b3dd3930","1",31,1,4,14,4,9,NA,1
"410","sujeto_b3dd3930","2",32,NA,6,13,3,10,NA,NA
"411","sujeto_b3dd3930","3",32,NA,6,13,5,8,NA,NA
"412","sujeto_b3dd3930","4",31,NA,5,14,3,9,NA,NA
"413","sujeto_b7fbb303","1",22,10,3,11,3,5,4,6
"414","sujeto_b7fbb303","2",21,11,4,10,1,6,5,6
"415","sujeto_b7fbb303","3",20,12,5,9,3,3,5,7
"416","sujeto_b7fbb303","4",24,8,4,11,4,5,4,4
"417","sujeto_c28223ba","1",26,6,3,12,2,9,3,3
"418","sujeto_c28223ba","2",22,10,4,8,3,7,7,3
"419","sujeto_c28223ba","3",28,4,5,11,5,7,3,1
"420","sujeto_c28223ba","4",29,3,5,11,4,9,3,NA
"421","sujeto_c36569e9","1",29,3,4,14,4,7,NA,3
"422","sujeto_c36569e9","2",23,8,6,8,2,7,5,3
"423","sujeto_c36569e9","3",21,9,5,7,4,5,6,3
"424","sujeto_c36569e9","4",12,18,3,6,2,1,9,9
"425","sujeto_c3d9e000","1",24,8,3,11,4,6,4,4
"426","sujeto_c3d9e000","2",25,7,5,11,3,6,3,4
"427","sujeto_c3d9e000","3",22,10,4,10,4,4,5,5
"428","sujeto_c3d9e000","4",18,14,1,11,2,4,7,7
"429","sujeto_c730bc55","1",29,3,4,13,5,7,1,2
"430","sujeto_c730bc55","2",25,7,5,10,3,7,4,3
"431","sujeto_c730bc55","3",22,10,6,10,4,2,3,7
"432","sujeto_c730bc55","4",24,8,4,12,4,4,3,5
"433","sujeto_c7735ca1","1",23,9,2,10,3,8,6,3
"434","sujeto_c7735ca1","2",30,2,5,12,3,10,2,NA
"435","sujeto_c7735ca1","3",30,2,6,11,5,8,2,NA
"436","sujeto_c7735ca1","4",32,NA,5,14,4,9,NA,NA
"437","sujeto_c9ac0c57","1",32,NA,4,14,5,9,NA,NA
"438","sujeto_c9ac0c57","2",31,1,6,12,3,10,1,NA
"439","sujeto_c9ac0c57","3",32,NA,6,13,5,8,NA,NA
"440","sujeto_c9ac0c57","4",32,NA,5,14,4,9,NA,NA
"441","sujeto_cfeb32c5","1",31,1,4,14,5,8,NA,1
"442","sujeto_cfeb32c5","2",32,NA,6,13,3,10,NA,NA
"443","sujeto_cfeb32c5","3",32,NA,6,13,5,8,NA,NA
"444","sujeto_cfeb32c5","4",32,NA,5,14,4,9,NA,NA
"445","sujeto_d04e11ed","1",32,NA,4,14,5,9,NA,NA
"446","sujeto_d04e11ed","2",32,NA,6,13,3,10,NA,NA
"447","sujeto_d04e11ed","3",32,NA,6,13,5,8,NA,NA
"448","sujeto_d04e11ed","4",32,NA,5,14,4,9,NA,NA
"449","sujeto_d72d8a7c","1",24,8,3,12,3,6,3,5
"450","sujeto_d72d8a7c","2",24,8,4,11,3,6,4,4
"451","sujeto_d72d8a7c","3",27,5,5,11,5,6,3,2
"452","sujeto_d72d8a7c","4",26,6,4,12,4,6,3,3
"453","sujeto_dabe6acb","1",23,9,4,11,4,4,3,6
"454","sujeto_dabe6acb","2",20,12,5,8,2,5,6,6
"455","sujeto_dabe6acb","3",23,8,6,10,4,3,3,5
"456","sujeto_dabe6acb","4",26,6,5,12,4,5,2,4
"457","sujeto_dcc3c5a9","1",25,7,4,10,5,6,4,3
"458","sujeto_dcc3c5a9","2",22,10,4,8,3,7,7,3
"459","sujeto_dcc3c5a9","3",27,5,6,9,4,8,4,1
"460","sujeto_dcc3c5a9","4",19,13,1,8,3,7,10,3
"461","sujeto_dccc88fd","1",24,7,4,11,3,6,2,5
"462","sujeto_dccc88fd","2",25,7,6,10,2,7,3,4
"463","sujeto_dccc88fd","3",23,9,4,11,4,4,4,5
"464","sujeto_dccc88fd","4",27,5,4,12,4,7,3,2
"465","sujeto_e1314c94","1",32,NA,4,14,5,9,NA,NA
"466","sujeto_e1314c94","2",32,NA,6,13,3,10,NA,NA
"467","sujeto_e1314c94","3",32,NA,6,13,5,8,NA,NA
"468","sujeto_e1314c94","4",32,NA,5,14,4,9,NA,NA
"469","sujeto_e29aeec5","1",31,1,4,13,5,9,1,NA
"470","sujeto_e29aeec5","2",31,1,6,12,3,10,1,NA
"471","sujeto_e29aeec5","3",32,NA,6,13,5,8,NA,NA
"472","sujeto_e29aeec5","4",32,NA,5,14,4,9,NA,NA
"473","sujeto_e844afe8","1",30,2,4,12,5,9,2,NA
"474","sujeto_e844afe8","2",32,NA,6,13,3,10,NA,NA
"475","sujeto_e844afe8","3",32,NA,6,13,5,8,NA,NA
"476","sujeto_e844afe8","4",30,2,4,14,4,8,1,1
"477","sujeto_e9306fb7","1",30,1,4,13,5,8,NA,1
"478","sujeto_e9306fb7","2",30,2,5,13,3,9,1,1
"479","sujeto_e9306fb7","3",32,NA,6,13,5,8,NA,NA
"480","sujeto_e9306fb7","4",27,3,5,10,4,8,2,1
"481","sujeto_e97cf70e","1",32,NA,4,14,5,9,NA,NA
"482","sujeto_e97cf70e","2",32,NA,6,13,3,10,NA,NA
"483","sujeto_e97cf70e","3",32,NA,6,13,5,8,NA,NA
"484","sujeto_e97cf70e","4",31,1,5,13,4,9,1,NA
"485","sujeto_eafb7359","1",17,15,3,7,3,4,8,7
"486","sujeto_eafb7359","2",16,16,3,6,3,4,10,6
"487","sujeto_eafb7359","3",14,17,3,7,3,1,8,9
"488","sujeto_eafb7359","4",19,13,2,9,4,4,8,5
"489","sujeto_efe9883f","1",32,NA,4,14,5,9,NA,NA
"490","sujeto_efe9883f","2",32,NA,6,13,3,10,NA,NA
"491","sujeto_efe9883f","3",32,NA,6,13,5,8,NA,NA
"492","sujeto_efe9883f","4",31,1,5,14,3,9,NA,1
"493","sujeto_fddffe87","1",24,8,3,12,3,6,3,5
"494","sujeto_fddffe87","2",24,8,4,11,3,6,4,4
"495","sujeto_fddffe87","3",25,7,4,11,4,6,4,3
"496","sujeto_fddffe87","4",26,6,3,12,4,7,4,2
